Modelo,F1-macro (96 muestras),F1-macro (296 muestras),Mejora (puntos)
SVM Lineal,0.49869247582890763,0.7828701717766144,0.2841776959477068
Regresión Logística,0.4043979113384484,0.7442925161798621,0.33989460484141376
Naive Bayes Multinomial,0.3949963842412355,0.721591092799973,0.3265947085587375
k-NN (k=3),0.4115916097427135,0.6300378586553907,0.21844624891267722
Reglas + Diccionario,0.2557156195811658,0.3455340635133596,0.08981844393219379
