Modelo,F1-macro v1 (original),F1-macro v2 (puntuación+tildes),Mejora
Regresión Logística,0.6831085102025,0.7566420046279381,0.0735334944254381
Naive Bayes Multinomial,0.7139212491043154,0.7617204406846351,0.047799191580319644
SVM Lineal,0.6822667464114832,0.7477476836029466,0.06548093719146342
XGBoost,0.48986713106295154,0.635634974879507,0.1457678438165555
