epoch,train_loss,eval_loss,eval_acc,eval_f1_macro
1.0,0.38544478239836516,0.35647985339164734,0.8363636363636363,0.8359535201640464
2.0,0.24903137772171585,0.483088880777359,0.8386363636363636,0.8378313840914873
3.0,0.16098832024468315,0.5416512489318848,0.8477272727272728,0.8470629127563434
4.0,0.09515362492314092,0.6473804116249084,0.8477272727272728,0.847499624956676
