epoch,train_loss,eval_loss,eval_accuracy,eval_f1_macro
1.0,1.7140676137563344,1.248154640197754,0.7156862745098039,0.7125520721108957
2.0,0.8929740287162162,0.5398213267326355,0.9117647058823529,0.9030652458039978
3.0,0.33610416103053736,0.23007740080356598,0.9509803921568627,0.9452135093167702
4.0,0.11937878582928632,0.14336980879306793,0.9607843137254902,0.9554046276998863
5.0,0.042685586052971916,0.1644991636276245,0.9607843137254902,0.9497902097902098
6.0,0.022504510106267157,0.13886642456054688,0.9705882352941176,0.9597902097902098
7.0,0.016925695780161266,0.14689935743808746,0.9607843137254902,0.9497257975518845
8.0,0.014636400583628062,0.14964957535266876,0.9411764705882353,0.9308502353329939
