epoch,train_loss,eval_loss,eval_acc,eval_f1_macro
1.0,0.3528696695963542,0.28324204683303833,0.8954545454545455,0.8954459046202166
2.0,0.2249291737874349,0.32996729016304016,0.8909090909090909,0.8908278885121164
3.0,0.1367548765959563,0.45765256881713867,0.8818181818181818,0.881796201773057
4.0,0.08635374704996744,0.5354961156845093,0.8818181818181818,0.881815739994628
