epoch,train_loss,train_acc_subset,train_f1_subset,test_loss,test_acc,test_f1
1,0.40940543498470583,0.8405,0.8044216044846924,0.34900221609054727,0.8183333333333334,0.7733080566039384
2,0.3102790985240547,0.9015,0.8692745834288613,0.3817234273128053,0.8476666666666667,0.7947749492513327
3,0.23888009437409513,0.9385,0.9149139576043229,0.48770930729013806,0.8596666666666667,0.8024023060886842
4,0.17348207264685872,0.9715,0.9585128531911804,0.6363169063437493,0.87,0.8034103763027843
