Modelo,Accuracy (LOOCV),F1-macro (LOOCV),Tiempo (s)
SVM Lineal,0.5104166666666666,0.49869247582890763,0.1
k-NN (k=3),0.4166666666666667,0.4115916097427135,0.3
Regresión Logística,0.4166666666666667,0.4043979113384484,5.5
Naive Bayes Multinomial,0.4166666666666667,0.3949963842412355,0.1
Reglas + Diccionario,0.3125,0.2557156195811658,0.0
