Modelo,Accuracy (LOOCV),F1-macro (LOOCV),Tiempo (s)
SVM Lineal,0.7871621621621622,0.7828701717766144,0.5
Regresión Logística,0.7466216216216216,0.7442925161798621,1.8
Naive Bayes Multinomial,0.7331081081081081,0.721591092799973,0.3
k-NN (k=3),0.6351351351351351,0.6300378586553907,0.3
Reglas + Diccionario,0.34797297297297297,0.3455340635133596,0.0
