Modelo,Accuracy,F1-macro
BETO v2 (Amazon + chat),1.0,1.0
Naive Bayes Multinomial,0.8714285714285714,0.8711919852790839
BETO original (solo Amazon),0.8285714285714286,0.8233809924306139
SVM Lineal,0.8142857142857143,0.8124098124098125
Regresión Logística,0.8142857142857143,0.8111641419381614
XGBoost,0.7714285714285715,0.7619047619047619
