Modelo,Accuracy,F1-macro
BETO v2 (Amazon + chat),1.0,1.0
Regresión Logística,0.9714285714285714,0.9714052287581699
SVM Lineal,0.9571428571428572,0.957063995093028
Naive Bayes Multinomial,0.8285714285714286,0.825
XGBoost,0.8285714285714286,0.8233809924306139
BETO original (solo Amazon),0.8285714285714286,0.8233809924306139
