Modelo,Accuracy (5-fold),F1-macro (5-fold)
Regresión Logística,0.46875,0.46005576757076005
Naive Bayes Multinomial,0.4583333333333333,0.4459446198962328
SVM Lineal,0.5,0.48904345476980216
k-NN (k=3),0.4479166666666667,0.4289524786904
