Set,F1_logreg,F1_naive_bayes,F1_svm,F1_xgboost,F1_beto_v3
"Holdout real (28, nunca visto)",0.7976190476190477,0.884920634920635,0.8962585034013605,0.6366213151927438,0.8875283446712017
Set sintético externo (80),0.8093959322859579,0.7712321885275849,0.7733723792547322,0.6445465588688095,0.8874840554070598
